{
  "video": "IMG_3839.MOV",
  "total_frames": 173,
  "total_scenes": 4,
  "scenes": [
    {
      "scene_num": 1,
      "start_time": 0.0,
      "end_time": 26.0,
      "duration": 26.0,
      "start_idx": 0,
      "end_idx": 2,
      "frame_count": 3,
      "avg_interesting_score": 0.30191896359125775,
      "max_interesting_score": 0.30439627170562744,
      "avg_boring_score": 0.20438597102959952,
      "diversity": 0.06995236873626709,
      "semantic_quality": 0.09753299256165823,
      "key_moment_count": 0,
      "avg_glossiness": 0.5548467450885585,
      "glossiness_increase": 0.0,
      "avg_motion": 0.13572546750181555,
      "avg_contrast": 0.47132572792349253,
      "workflow_stage": "painting",
      "trimmed_start": 0,
      "trimmed_end": 0,
      "progression_change": 0.10970968008041382,
      "reveal_detected": false,
      "_combined_score": 4.576082008377919,
      "classification": "interesting",
      "speed": 1.0,
      "reason": "painting: Best moments (top 10%, quality=0.10)"
    },
    {
      "scene_num": 2,
      "start_time": 26.0,
      "end_time": 308.0,
      "duration": 282.0,
      "start_idx": 2,
      "end_idx": 21,
      "frame_count": 20,
      "avg_interesting_score": 0.29785088151693345,
      "max_interesting_score": 0.31064170598983765,
      "avg_boring_score": 0.19486854299902917,
      "diversity": 0.07725130570562262,
      "semantic_quality": 0.10298233851790428,
      "key_moment_count": 0,
      "avg_glossiness": 0.48042237538419685,
      "glossiness_increase": -0.07819259548233126,
      "avg_motion": 0.12353181168300653,
      "avg_contrast": 0.5032264930382129,
      "workflow_stage": "painting",
      "trimmed_start": 0,
      "trimmed_end": 0,
      "progression_change": 0.01270383596420288,
      "reveal_detected": false,
      "_combined_score": 4.180825565084646,
      "classification": "skip",
      "speed": 0,
      "reason": "painting: Low interest, skipped (quality=0.10)"
    },
    {
      "scene_num": 3,
      "start_time": 310.0,
      "end_time": 354.0,
      "duration": 44.0,
      "start_idx": 22,
      "end_idx": 31,
      "frame_count": 10,
      "avg_interesting_score": 0.3048331916332245,
      "max_interesting_score": 0.32410091161727905,
      "avg_boring_score": 0.19949939996004104,
      "diversity": 0.08221159378687541,
      "semantic_quality": 0.10533379167318344,
      "key_moment_count": 0,
      "avg_glossiness": 0.5487453082291202,
      "glossiness_increase": -0.10132218687368344,
      "avg_motion": 0.13801856617647057,
      "avg_contrast": 0.47733431877144605,
      "workflow_stage": "polishing",
      "trimmed_start": 0,
      "trimmed_end": 0,
      "progression_change": 0.04756885766983032,
      "reveal_detected": false,
      "_combined_score": 4.544679977909256,
      "classification": "moderate",
      "speed": 4.0,
      "reason": "polishing: Average (quality=0.11)"
    },
    {
      "scene_num": 4,
      "start_time": 354.0,
      "end_time": 1066.0,
      "duration": 712.0,
      "start_idx": 31,
      "end_idx": 172,
      "frame_count": 142,
      "avg_interesting_score": 0.30000544465343715,
      "max_interesting_score": 0.3325827717781067,
      "avg_boring_score": 0.19478974124075663,
      "diversity": 0.056592159237421995,
      "semantic_quality": 0.10521570341268052,
      "key_moment_count": 0,
      "avg_glossiness": 0.4759651874852481,
      "glossiness_increase": -0.08793141361693546,
      "avg_motion": 0.08520638817929363,
      "avg_contrast": 0.4763041865474567,
      "workflow_stage": "polishing",
      "trimmed_start": 0,
      "trimmed_end": 0,
      "progression_change": 0.018941223621368408,
      "reveal_detected": false,
      "_combined_score": 4.2329209687086475,
      "classification": "skip",
      "speed": 0,
      "reason": "polishing: Low interest, skipped (quality=0.11)"
    }
  ],
  "summary": {
    "interesting": 1,
    "moderate": 1,
    "boring": 0,
    "skip": 2,
    "original_duration": 1064.0,
    "speedup_duration": 37.0,
    "time_saved": 1027.0
  }
}